{"cameraMode":{"drawMode":0,"name":"Shaded","section":"Shading Mode"},"sceneLighting":true,"audioPlay":false,"sceneViewState":{"m_AlwaysRefresh":false,"showFog":true,"showSkybox":true,"showFlares":true,"showImageEffects":true,"showParticleSystems":true,"showVisualEffectGraphs":true,"m_FxEnabled":true},"in2DMode":false,"pivot":{"x":190.06849670410157,"y":271.7250061035156,"z":56.67840576171875},"rotation":{"x":0.07428327947854996,"y":-0.035892684012651446,"z":0.002675358671694994,"w":0.996588408946991},"size":379.0918273925781,"orthographic":false}