{"cameraMode":{"drawMode":0,"name":"Shaded","section":"Shading Mode"},"sceneLighting":true,"audioPlay":false,"sceneViewState":{"m_AlwaysRefresh":false,"showFog":true,"showSkybox":true,"showFlares":true,"showImageEffects":true,"showParticleSystems":true,"showVisualEffectGraphs":true,"m_FxEnabled":true},"in2DMode":false,"pivot":{"x":-1.777114748954773,"y":-2.7158565521240236,"z":10.679462432861329},"rotation":{"x":0.1292140781879425,"y":-0.019037790596485139,"z":0.0024812074843794109,"w":0.9914331436157227},"size":12.922565460205079,"orthographic":false}