{"cameraMode":{"drawMode":0,"name":"Shaded","section":"Shading Mode"},"sceneLighting":false,"audioPlay":false,"sceneViewState":{"m_AlwaysRefresh":false,"showFog":true,"showSkybox":false,"showFlares":true,"showImageEffects":true,"showParticleSystems":true,"showVisualEffectGraphs":true,"m_FxEnabled":true},"in2DMode":false,"pivot":{"x":-0.09332942962646485,"y":12.315893173217774,"z":-0.009807586669921875},"rotation":{"x":0.2199595421552658,"y":0.10918571054935456,"z":-0.024783145636320115,"w":0.969062328338623},"size":26.6883602142334,"orthographic":false}