{"cameraMode":{"drawMode":0,"name":"Shaded","section":"Shading Mode"},"sceneLighting":false,"audioPlay":false,"sceneViewState":{"m_AlwaysRefresh":false,"showFog":true,"showSkybox":false,"showFlares":true,"showImageEffects":true,"showParticleSystems":true,"showVisualEffectGraphs":true,"m_FxEnabled":true},"in2DMode":false,"pivot":{"x":0.04280133545398712,"y":0.7639386653900147,"z":0.3723825216293335},"rotation":{"x":0.0789053812623024,"y":0.07290539145469666,"z":-0.005786224268376827,"w":0.9941965937614441},"size":2.4820990562438967,"orthographic":false}