{"cameraMode":{"drawMode":0,"name":"Shaded","section":"Shading Mode"},"sceneLighting":false,"audioPlay":false,"sceneViewState":{"m_AlwaysRefresh":false,"showFog":true,"showSkybox":false,"showFlares":true,"showImageEffects":true,"showParticleSystems":true,"showVisualEffectGraphs":true,"m_FxEnabled":true},"in2DMode":false,"pivot":{"x":0.9935914874076843,"y":2.2162137031555177,"z":0.8068175315856934},"rotation":{"x":0.47536420822143557,"y":-0.025331836193799974,"z":0.013695988804101944,"w":0.8793224096298218},"size":3.6953346729278566,"orthographic":false}