{"cameraMode":{"drawMode":0,"name":"Shaded","section":"Shading Mode"},"sceneLighting":true,"audioPlay":false,"sceneViewState":{"m_AlwaysRefresh":false,"showFog":true,"showSkybox":true,"showFlares":true,"showImageEffects":true,"showParticleSystems":true,"showVisualEffectGraphs":true,"m_FxEnabled":true},"in2DMode":false,"pivot":{"x":-0.1370086669921875,"y":2.70001220703125,"z":2.5261125564575197},"rotation":{"x":0.07428327947854996,"y":-0.035892684012651446,"z":0.002675358671694994,"w":0.996588408946991},"size":11.788264274597168,"orthographic":false}