{"cameraMode":{"drawMode":0,"name":"Shaded","section":"Shading Mode"},"sceneLighting":false,"audioPlay":false,"sceneViewState":{"m_AlwaysRefresh":false,"showFog":true,"showSkybox":false,"showFlares":true,"showImageEffects":true,"showParticleSystems":true,"showVisualEffectGraphs":true,"m_FxEnabled":true},"in2DMode":false,"pivot":{"x":-0.8594931960105896,"y":2.8830747604370119,"z":-4.305960655212402},"rotation":{"x":0.23345789313316346,"y":0.03616209328174591,"z":-0.00868854857981205,"w":0.9716559052467346},"size":3.225893259048462,"orthographic":false}